inning,outs,balls,strikes,paofinning,pitchofpa,batterside,taggedpitchtype,pitchcall,relspeed,spinrate,extension,relheight,relside,vertrelangle,horzrelangle,inducedvertbreak,horzbreak,platelocheight,platelocside,vertapprangle,horzapprangle,exitspeed,taggedhittype
3,0,0,0,1,1,Left,FourSeamFastBall,StrikeCalled,88.91,2126.58,6.161,6.127,-2.175,-1.9988,2.8298,20.5727,-12.5144,3.036,-0.602,-4.896,0.5758,NA,Undefined
3,0,0,0,1,2,Left,FourSeamFastBall,BallCalled,88.99,2201.68,6.368,6.013,-2.477,-4.4744,3.9491,19.0562,-16.073,0.515,-0.176,-7.6256,1.046,NA,Undefined
3,0,1,0,1,3,Left,FourSeamFastBall,StrikeSwinging,88.01,2244.51,6.208,6.165,-2.283,-2.8062,3.1888,18.4244,-16.3052,2.062,-0.695,-6.2935,0.249,NA,Undefined
3,0,1,1,1,4,Left,FourSeamFastBall,BallCalled,90.25,2196.23,6.203,6.215,-2.296,-4.3876,4.4839,27.156,-11.8734,1.471,0.862,-6.0922,2.3516,NA,Undefined
3,0,2,1,1,5,Left,ChangeUp,StrikeSwinging,82.74,1426.33,6.564,5.867,-2.409,-2.8825,4.0009,14.891,-15.5513,1.055,-0.031,-7.822,1.18,NA,Undefined
3,1,1,2,2,4,Right,FourSeamFastBall,BallCalled,88.58,2082.2,5.981,6.255,-2.416,-2.0909,1.476,18.5423,-15.3786,2.853,-2.329,-5.4608,-1.2889,NA,Undefined
3,1,1,2,2,5,Right,ChangeUp,BallCalled,80.53,1404.3,6.427,5.699,-2.542,-1.7644,3.268,7.7739,-11.5895,1.174,-0.5,-8.2672,1.1676,NA,Undefined
3,1,2,2,2,6,Right,FourSeamFastBall,BallCalled,88.55,2093.06,6.028,6.202,-2.344,0.5783,2.4481,19.3316,-11.4217,5.297,-1.028,-2.8041,0.3958,NA,Undefined
3,1,3,2,2,7,Right,FourSeamFastBall,BallCalled,86.35,2010.16,6.081,6.02,-2.393,-1.6273,1.4415,15.7533,-15.1542,2.579,-2.322,-6.1065,-1.2891,NA,Undefined
3,1,0,0,3,1,Right,FourSeamFastBall,StrikeSwinging,85.62,2057.38,6.072,6.26,-2.133,-1.798,2.1547,18.5119,-14.6066,2.883,-1.355,-5.7604,-0.4748,NA,Undefined
3,0,1,2,2,4,Left,FourSeamFastBall,StrikeSwinging,89.52,2125.05,6.196,6.256,-2.121,-1.3519,3.2194,18.7332,-14.0738,3.64,-0.318,-4.5297,0.6839,NA,Undefined
3,1,0,0,3,1,Right,ChangeUp,BallCalled,82.57,1204.76,6.417,5.94,-2.292,-1.5597,3.1214,11.5413,-14.405,2.099,-0.62,-6.9858,0.5123,NA,Undefined
3,1,1,0,3,2,Right,FourSeamFastBall,StrikeCalled,89.65,2181.58,5.876,6.291,-2.138,-3.1429,2.611,18.3049,-8.7829,1.987,-0.443,-6.2774,1.0369,NA,Undefined
3,1,1,2,3,3,Right,FourSeamFastBall,StrikeSwinging,88.75,2108.68,6.294,6.289,-1.848,-1.2484,3.3909,20.4488,-9.0317,3.913,0.528,-4.0992,1.7621,NA,Undefined
3,2,0,0,4,1,Left,FourSeamFastBall,BallCalled,88.96,2116.47,6.246,6.211,-2.246,-0.45,3.5426,19.2657,-13.5421,4.466,-0.103,-3.5399,1.1025,NA,Undefined
3,2,1,0,4,2,Left,FourSeamFastBall,BallCalled,88.61,2199.73,6.058,6.258,-2.081,-3.9485,4.6561,19.0285,-13.7124,1.208,1.095,-7.085,2.1985,NA,Undefined
3,2,2,0,4,3,Left,FourSeamFastBall,InPlay,88.45,2168.46,6.073,6.173,-2.182,-1.6831,3.9043,17.7791,-16.9474,3.072,0.024,-5.236,0.8607,108.06,LineDrive
3,2,0,0,5,1,Right,FourSeamFastBall,FoulBallNotFieldable,87.77,2167.84,6.089,6.314,-2.469,-1.9107,3.2017,16.7047,-13.1993,2.925,-0.604,-5.5926,0.828,96.3,Undefined
3,2,0,1,5,2,Right,FourSeamFastBall,BallCalled,88.99,2154.97,6.225,6.336,-2.491,-2.2148,2.7116,20.8702,-13.3547,3.048,-1.1,-5.1413,0.3028,NA,Undefined
3,2,1,1,5,3,Right,ChangeUp,BallCalled,83.58,1584.55,6.344,6.121,-2.431,-2.0727,1.9106,15.573,-9.1379,2.19,-1.432,-6.678,0.2564,NA,Undefined
3,2,2,1,5,4,Right,FourSeamFastBall,BallCalled,88.15,2048.67,6.252,6.308,-2.143,-0.6532,5.0403,21.3874,-11.6066,4.469,1.55,-3.553,2.9563,NA,Undefined
3,2,3,1,5,5,Right,ChangeUp,InPlay,81.01,1253.99,6.621,6.104,-2.184,-0.5834,3.1052,13.4336,-12.7812,3.218,-0.403,-5.9354,0.7827,71.65,GroundBall
3,0,0,0,1,1,Left,FourSeamFastBall,BallCalled,89.21,2184.45,6.217,6.225,-2.118,-3.6522,2.9814,16.1982,-14.4354,1.278,-0.567,-7.2185,0.377,NA,Undefined
3,0,1,0,1,2,Left,FourSeamFastBall,StrikeSwinging,90.41,2197.63,6.013,6.314,-2.239,-2.8792,3.1656,22.7276,-6.5824,2.671,0.148,-5.1602,1.9845,NA,Undefined
3,0,1,1,1,3,Left,FourSeamFastBall,InPlay,89.45,2094.3,6.117,6.322,-2.026,-2.1205,2.688,22.7133,-7.639,3.326,-0.175,-4.5639,1.3135,103.1,FlyBall
3,0,0,0,2,1,Left,FourSeamFastBall,StrikeCalled,90.49,2258.06,6.116,6.247,-1.984,-2.4991,3.2626,20.2426,-11.4506,2.725,0.082,-5.3322,1.2034,NA,Undefined
3,0,0,1,2,2,Left,FourSeamFastBall,BallCalled,88.73,2106.62,6.145,6.3,-2.155,-1.2981,2.9811,24.179,-1.381,4.136,0.488,-3.602,2.7327,NA,Undefined
3,0,1,1,2,3,Left,ChangeUp,FoulBallNotFieldable,83.06,1285.58,6.422,6.094,-2.393,-0.977,2.9682,11.433,-13.56,2.8,-0.792,-6.4094,0.5122,93.5,Undefined
3,0,0,1,4,2,Left,FourSeamFastBall,BallCalled,91.3,2054.29,6.979,6.211,-2.433,-3.7078,4.7272,21.0098,-11.2609,1.845,0.938,-6.0446,2.675,NA,Undefined
4,1,0,1,4,2,Left,Curveball,BallCalled,75.67,1515.9,6.873,5.858,-2.712,0.7503,3.3386,-8.3737,12.0486,1.798,1.339,-9.9061,5.5386,NA,Undefined
3,0,1,1,4,3,Left,Curveball,BallCalled,76.07,1563.26,6.985,5.992,-2.742,2.5344,1.2512,-9.0108,10.7956,3.628,-0.704,-7.9961,3.2297,NA,Undefined
3,0,2,1,4,4,Left,FourSeamFastBall,FoulBallNotFieldable,90.8,2176.77,6.895,6.275,-2.304,-3.1514,4.022,21.1975,-10.008,2.399,0.532,-5.5292,2.1983,NA,Undefined
4,1,1,1,4,3,Left,FourSeamFastBall,FoulBallNotFieldable,88.23,2112.03,7.22,6.148,-2.336,-0.3167,3.3327,18.2681,-10.4426,4.482,-0.186,-3.5918,1.4154,70.22,Undefined
3,0,2,2,4,5,Left,FourSeamFastBall,InPlay,91.42,2150.98,7.152,6.247,-2.423,-2.8844,3.8089,18.713,-12.3191,2.474,0.009,-5.6209,1.5511,98.33,GroundBall
4,1,1,2,4,4,Left,Curveball,InPlay,79.34,1506.64,7.068,5.967,-2.551,0.278,3.7713,5.1095,-2.0534,3.095,0.707,-6.8047,3.3956,98.87,FlyBall
3,1,0,0,5,1,Left,FourSeamFastBall,InPlay,91.04,2143.49,7.032,6.127,-2.524,-2.393,4.5938,17.8135,-14.1764,2.697,0.477,-5.3318,2.0055,12.7,Bunt
4,1,0,0,5,1,Right,FourSeamFastBall,BallCalled,87.06,2077.71,7.027,6.098,-2.55,-0.2361,3.4473,21.5865,-10.04,4.66,-0.25,-3.182,1.6114,NA,Undefined
4,1,1,0,5,2,Right,ChangeUp,BallCalled,82.32,1658.36,7.435,6.01,-2.854,0.5685,2.5304,12.2414,-13.6595,4.269,-1.709,-4.6645,0.0082,NA,Undefined
3,2,0,0,6,1,Right,FourSeamFastBall,StrikeCalled,91.49,2148.22,6.824,6.346,-2.273,-3.589,4.1396,21.4185,-15.8014,2.08,0.193,-5.9542,1.2633,NA,Undefined
4,1,2,0,5,3,Right,FourSeamFastBall,BallCalled,87.56,2110.71,7.326,6.04,-2.353,-2.5407,5.1823,21.9056,-14.102,2.609,1.167,-5.2583,2.5975,NA,Undefined
3,2,0,1,6,2,Right,Curveball,BallCalled,73.81,1581.28,6.924,5.949,-2.654,3.3175,-0.7988,-6.8738,15.6286,4.178,-2.079,-7.5387,2.0618,NA,Undefined
3,2,1,1,6,3,Right,ChangeUp,StrikeSwinging,82.72,1728.79,7.57,5.847,-2.641,-1.4632,3.0858,8.0391,-14.2142,1.979,-1.048,-7.3302,0.4527,NA,Undefined
3,2,1,2,6,4,Right,ChangeUp,BallCalled,83.12,1577.15,7.409,5.528,-3.336,1.3842,2.8329,5.9489,-21.6442,4.019,-2.582,-4.9952,-1.1617,NA,Undefined
4,1,3,0,5,4,Right,FourSeamFastBall,BallCalled,88.02,2170.72,7.165,6.137,-2.587,0.0459,2.4727,19.9235,-10.3984,4.941,-1.211,-2.9049,0.5633,NA,Undefined
4,0,0,0,1,1,Right,FourSeamFastBall,BallCalled,88.34,2066.06,7.179,6.198,-2.715,-4.4199,4.799,21.6104,-4.9969,1.042,1.227,-7.1155,3.8856,NA,Undefined
3,2,2,2,6,5,Right,ChangeUp,BallCalled,83.3,1287.48,7.602,5.906,-2.728,-3.122,5.8691,17.7147,-13.3351,1.348,1.453,-7.1858,3.4152,NA,Undefined
4,0,1,0,1,2,Right,ChangeUp,BallCalled,80.86,1177.92,7.695,5.823,-2.884,1.0231,2.0586,13.1428,-8.6831,4.434,-1.76,-4.4019,0.4471,NA,Undefined
3,2,3,2,6,6,Right,FourSeamFastBall,FoulBallNotFieldable,88.87,2101.71,7.27,6.126,-2.176,-2.2528,3.376,23.7265,-9.0877,3.219,0.124,-4.376,1.7063,71.63,Undefined
3,0,0,0,1,1,Left,Curveball,InPlay,75.51,1450.76,7.086,6,-2.843,2.4616,0.6886,-13.5753,10.4208,3.117,-1.35,-9.0911,2.6048,NA,GroundBall
4,0,2,0,1,3,Right,FourSeamFastBall,InPlay,88.75,2132.03,7.199,6.145,-2.646,-2.164,3.1551,16.7847,-13.2978,2.715,-0.893,-5.6105,0.7123,77.27,FlyBall
3,2,3,2,6,7,Right,ChangeUp,FoulBallNotFieldable,82.37,1451.33,7.594,5.828,-2.658,-1.7137,4.0906,14.6573,-12.7441,2.212,-0.038,-6.5619,1.7348,58.51,Undefined
3,2,3,2,6,8,Right,Curveball,StrikeCalled,75.49,1616.42,6.857,5.875,-2.678,1.6527,0.7638,-4.0837,10.0058,3.051,-1.147,-8.1056,2.5944,NA,Undefined
3,0,0,0,2,1,Right,FourSeamFastBall,BallCalled,88.61,2054.88,7.19,6.131,-2.603,-0.0684,3.1773,20.7568,-11.009,4.896,-0.64,-2.9098,1.1568,NA,Undefined
4,1,0,0,2,1,Left,FourSeamFastBall,BallCalled,89.03,2146.93,7.205,6.076,-2.706,-1.0596,4.6816,20.3504,-11.8412,3.951,0.556,-3.8492,2.5141,NA,Undefined
3,0,0,0,2,2,Right,FourSeamFastBall,InPlay,91.05,2176.06,6.744,6.218,-2.59,-2.4165,3.6687,20.4814,-13.0947,2.906,-0.324,-5.055,1.287,106.19,LineDrive
4,1,1,0,2,2,Left,ChangeUp,BallCalled,81.42,1674.6,7.151,6.22,-2.582,1.6143,2.263,4.4785,-4.4019,4.669,-0.896,-5.2801,1.4548,NA,Undefined
4,1,2,0,2,3,Left,FourSeamFastBall,StrikeCalled,89.02,2083.81,7.238,6.16,-2.411,-2.1136,4.5615,18.003,-14.5162,2.878,0.516,-5.3457,1.9002,NA,Undefined
3,0,0,0,3,1,Right,Curveball,BallCalled,75.2,1584.31,7.122,5.973,-2.646,2.4102,2.3121,-9.4583,10.6526,3.371,0.34,-8.4115,4.2672,NA,Undefined
3,0,1,0,3,2,Right,FourSeamFastBall,BallCalled,90.14,2184.4,7.027,6.233,-2.59,-2.2898,1.935,18.5432,-15.8018,2.921,-2.148,-5.1887,-0.962,NA,Undefined
4,1,2,1,2,4,Left,ChangeUp,StrikeCalled,82.39,1618.08,7.609,5.829,-2.753,-2.1579,3.4102,15.0734,-14.2254,1.884,-0.871,-6.8294,0.7758,NA,Undefined
4,1,2,2,2,5,Left,Curveball,InPlay,76.22,1786.22,6.655,5.923,-2.692,1.0908,2.5251,-8.1874,8.9041,2.306,0.363,-9.2065,4.1464,97.26,GroundBall
3,0,2,0,3,3,Right,Curveball,StrikeSwinging,75.32,1412.54,6.75,6.082,-2.624,3.3675,2.7649,-13.3595,9.9343,3.99,0.732,-8.224,4.5726,NA,Undefined
4,1,0,0,3,1,Right,FourSeamFastBall,InPlay,86,2118.73,7.209,6.122,-2.362,-1.9766,4.0341,18.5697,-14.0205,2.806,0.129,-5.5716,1.4623,101.02,GroundBall
3,0,2,1,3,4,Right,Curveball,InPlay,75.61,1055.59,7.075,5.927,-2.601,1.6876,2.3168,-5.1232,5.2154,3.059,-0.062,-8.2744,3.2737,101.15,FlyBall
3,0,0,0,4,1,Left,FourSeamFastBall,StrikeCalled,91.46,2034.52,7.143,6.153,-2.666,-2.3114,4.3851,19.4317,-11.7404,2.957,0.339,-4.9273,2.2367,NA,Undefined
4,1,0,0,4,1,Left,FourSeamFastBall,StrikeCalled,90.86,2152.84,6.996,6.126,-2.708,-2.473,4.8828,19.5081,-12.6468,2.731,0.688,-5.1771,2.5777,NA,Undefined
4,1,0,1,4,2,Left,Curveball,BallCalled,73.68,1959.98,6.165,5.848,-2.69,0.231,3.385,-14.6131,16.2051,0.444,1.791,-12.13,6.3097,NA,Undefined
4,1,1,1,4,3,Left,FourSeamFastBall,BallCalled,88.27,2146.84,6.697,5.951,-2.287,-3.2326,4.4352,23.3763,-4.4634,1.955,1.405,-5.6977,3.6263,NA,Undefined
4,1,2,1,4,4,Left,FourSeamFastBall,StrikeSwinging,88.21,2243.58,6.508,5.806,-2.453,-3.7064,3.7675,21.6583,-8.0145,1.231,0.342,-6.4262,2.3172,NA,Undefined
4,1,2,2,4,5,Left,FourSeamFastBall,InPlay,88.55,2143.85,6.418,6.077,-2.347,-3.5011,3.5219,23.7516,-10.1454,1.835,0.049,-5.9357,1.6882,64.93,GroundBall
4,2,0,0,5,1,Right,ChangeUp,BallCalled,78.82,1500.07,6.804,5.564,-2.713,2.2348,2.0975,1.1937,-21.3745,4.023,-2.579,-5.8869,-1.804,NA,Undefined
4,2,1,0,5,2,Right,ChangeUp,BallCalled,81.55,1431.17,6.768,5.907,-2.622,-2.5526,5.0782,17.2679,-10.8034,1.574,1.128,-7.1124,3.1178,NA,Undefined
4,2,2,0,5,3,Right,FourSeamFastBall,StrikeSwinging,89.06,2064.26,6.401,6.08,-2.433,-1.7279,3.7395,19.1553,-14.6637,3.128,-0.211,-4.9196,1.0896,NA,Undefined
4,0,0,0,1,1,Left,Curveball,InPlay,73.09,1822.4,5.753,5.785,-2.75,2.2999,1.5461,-10.7041,11.3128,2.592,-0.368,-9.4187,3.5726,91.28,FlyBall
4,2,2,1,5,4,Right,FourSeamFastBall,BallCalled,89.67,2150.88,6.253,5.886,-2.52,-2.7446,2.8078,17.9351,-16.4091,1.93,-1.296,-6.0317,-0.1545,NA,Undefined
4,2,3,1,5,5,Right,FourSeamFastBall,BallCalled,89,2108.26,6.525,5.924,-2.371,-3.8242,6.0802,20.4049,-7.671,1.164,2.589,-6.6734,4.7004,NA,Undefined
4,1,0,0,2,1,Right,FourSeamFastBall,StrikeCalled,89.37,2210.62,6.361,5.975,-2.532,-1.6026,2.4821,20.1563,-10.8032,3.29,-1.147,-4.4278,0.5283,NA,Undefined
4,1,0,1,2,2,Right,FourSeamFastBall,BallCalled,88.71,2219.36,6.479,5.821,-2.519,-0.7681,4.5759,18.9569,-13.2878,3.766,0.584,-3.9071,2.1761,NA,Undefined
4,1,1,1,2,3,Right,FourSeamFastBall,FoulBallNotFieldable,89.68,2184.74,6.634,5.802,-2.493,-1.0463,4.0769,18.706,-11.6638,3.552,0.274,-4.0627,1.9619,74.71,Undefined
4,1,1,2,2,4,Right,Curveball,BallCalled,71.06,1759.29,5.737,5.729,-2.662,5.1081,-0.5522,-11.6295,17.244,4.833,-1.74,-7.3491,2.5293,NA,Undefined
4,1,2,2,2,5,Right,Curveball,InPlay,72.9,1790.5,6.091,5.869,-2.487,3.2606,0.7621,-14.8072,13.9943,3.273,-0.616,-9.1242,3.2851,98.68,FlyBall
4,1,0,0,3,1,Right,FourSeamFastBall,BallCalled,90.79,2167.85,6.3,5.758,-2.739,-0.424,1.5654,21.7692,-11.6522,4.342,-2.267,-2.8802,-0.5411,NA,Undefined
4,1,1,0,3,2,Right,FourSeamFastBall,FoulBallNotFieldable,90.01,2187.47,6.419,5.919,-2.468,-2.5503,4.1722,18.0849,-13.5185,2.213,0.248,-5.6931,1.7304,NA,Undefined
4,1,1,1,3,3,Right,FourSeamFastBall,BallCalled,90.46,2254.21,6.238,5.891,-2.606,-0.3789,3.9202,17.701,-13.6388,4.147,-0.12,-3.6234,1.4646,NA,Undefined
4,1,2,1,3,4,Right,Sinker,BallCalled,88.65,2156.91,6.495,5.87,-2.347,-3.7396,3.6289,15.9123,-16.4645,0.805,-0.384,-7.4548,0.645,NA,Undefined
4,1,3,1,3,5,Right,FourSeamFastBall,FoulBallNotFieldable,89.58,2199.09,6.661,5.96,-2.259,-2.9037,3.1069,21.0388,-8.7132,2.201,-0.139,-5.487,1.5236,73.98,Undefined
4,1,3,2,3,6,Right,ChangeUp,BallCalled,83.45,1636.72,6.814,5.435,-2.58,-3.9176,3.8921,13.6696,-15.3529,-0.295,-0.303,-8.7887,1.0921,NA,Undefined
4,1,0,0,4,1,Left,FourSeamFastBall,StrikeCalled,88.3,2207.97,6.397,6.033,-2.514,-3.8001,4.308,23.8179,-15.4932,1.475,0.165,-6.3263,1.512,NA,Undefined
3,0,1,0,1,2,Left,FourSeamFastBall,BallCalled,88.6,2038.78,6.394,6.125,-2.289,-2.8233,4.0244,18.142,-10.3502,2.114,0.556,-6.0459,2.1557,NA,Undefined
4,1,0,0,6,1,Right,ChangeUp,BallCalled,79.96,1736.76,6.502,6.044,-2.386,-1.163,5.1385,7.588,-3.4662,1.995,2.054,-7.8367000000000004,4.5129,NA,Undefined
3,0,3,2,4,7,Left,FourSeamFastBall,InPlay,87.79,2056.11,6.326,6.058,-2.454,-1.8592,2.9586,21.1347,-15.6528,3.085,-1.032,-4.8118,0.1306,85.1,FlyBall
3,0,2,0,1,3,Left,FourSeamFastBall,FoulBallNotFieldable,90.38,2217.96,6.258,6.103,-2.401,-2.6403,3.87,19.9174,-11.4867,2.476,0.216,-5.3985,1.801,66.09,Undefined
4,1,1,0,6,2,Right,ChangeUp,BallCalled,79.66,1482.19,6.69,5.801,-2.762,-3.5407,5.1148,15.8388,-13.9641,0.235,0.765,-8.7918,2.582,NA,Undefined
3,0,2,1,1,4,Left,FourSeamFastBall,BallCalled,89.78,2258.46,6.442,6.135,-2.165,-3.6548,4.241,21.8793,-10.1316,1.712,0.895,-6.1316,2.4116,NA,Undefined
4,1,2,0,6,3,Right,FourSeamFastBall,InPlay,83.74,1987.8,6.427,5.949,-2.375,-1.2908,3.0889,20.927,-13.3855,3.173,-0.648,-5.0064,0.6664,53.51,GroundBall
3,0,3,1,1,5,Left,FourSeamFastBall,InPlay,90.75,2340.7,6.06,6.164,-2.069,-3.1499,3.497,23.3667,-9.3072,2.348,0.396,-5.2656,1.8264,100.15,FlyBall
4,0,0,0,1,1,Right,Curveball,InPlay,71.72,1854.77,5.96,5.972,-2.481,2.3859,2.2773,-4.294,13.005,3.249,0.715,-8.533,4.611,92.76,GroundBall
3,0,0,0,2,1,Right,FourSeamFastBall,BallCalled,89.19,2065.41,6.35,6.18,-2.322,-0.5285,2.1916,21.0311,-9.1365,4.506,-1.065,-3.3463,0.5393,NA,Undefined
4,0,0,0,2,1,Left,FourSeamFastBall,BallCalled,85.44,2114.62,6.371,6.118,-2.236,-3.6918,5.2162,22.5576,-11.8574,1.394,1.589,-6.7375,3.0827,NA,Undefined
3,0,1,0,2,2,Right,ChangeUp,StrikeCalled,83.87,1317.02,6.491,5.844,-2.499,-1.7527,2.5831,10.9671,-12.2489,1.875,-1.146,-7.0921,0.3599,NA,Undefined
3,0,1,1,2,3,Right,Slider,BallCalled,74.24,1841.42,5.792,5.963,-2.582,2.7854,1.0565,-3.588,11.8157,3.998,-0.614,-7.2648,3.1718,NA,Undefined
4,0,1,0,2,2,Left,FourSeamFastBall,InPlay,85.28,2041.57,6.343,6.13,-2.318,-2.9422,3.9995,20.7027,-7.8763,1.934,0.714,-6.365,2.5791,28.88,Bunt
3,0,2,1,2,4,Right,FourSeamFastBall,BallCalled,88.96,2199.67,6.501,6.009,-2.467,-0.9988,3.1413,19.0407,-15.1981,3.717,-0.847,-4.2393,0.3871,NA,Undefined
3,0,3,1,2,5,Right,FourSeamFastBall,FoulBallNotFieldable,89.29,2171.86,6.497,5.918,-2.37,-2.2583,4.0231,17.6089,-14.9022,2.387,0.087,-5.6379,1.326,70.5,Undefined
3,0,3,2,2,6,Right,Curveball,BallCalled,74.12,1895.82,6.062,5.769,-2.407,3.1499,0.1514,-10.531,9.245,3.497,-1.497,-8.3738,1.8171,NA,Undefined
4,1,0,0,3,1,Left,FourSeamFastBall,BallCalled,88.24,2170.89,6.297,6.162,-2.36,-0.5287,3.4631,22.1554,-13.2084,4.512,-0.266,-3.2894,1.0807,NA,Undefined
4,1,1,0,3,2,Left,ChangeUp,FoulBallNotFieldable,80.68,1576.93,6.634,5.886,-2.741,0.5783,3.0459,12.5298,-13.1557,3.93,-1.046,-5.1077,0.6556,NA,Undefined
3,0,0,0,3,1,Right,FourSeamFastBall,BallCalled,88.1,2169.95,6.432,6.091,-2.458,0.3216,3.6828,19.8012,-8.8391,5.015,0.195,-2.9155,2.0858,NA,Undefined
4,1,1,1,3,3,Left,Curveball,BallCalled,74.99,1864.66,6.017,5.884,-2.542,0.2393,4.6321,-4.2344,7.4678,1.618,2.381,-9.5916,5.9693,NA,Undefined
3,0,1,0,3,2,Right,FourSeamFastBall,InPlay,87.97,2170.74,6.377,5.942,-2.434,-2.9425,3.1153,20.1095,-5.2576,1.901,-0.003,-6.0318,2.1651,91.03,LineDrive
4,1,2,1,3,4,Left,FourSeamFastBall,FoulBallNotFieldable,86.53,2108.71,6.627,5.858,-2.482,-1.1429,3.9571,20.4153,-13.5234,3.436,0.02,-4.3702,1.5044,76.52,Undefined
4,1,2,2,3,5,Left,ChangeUp,InPlay,80.89,1411.55,6.593,5.937,-2.499,-1.639,3.8234,14.9809,-14.5695,2.119,-0.205,-6.9483,1.1793,110.4,LineDrive
3,0,0,0,4,1,Left,FourSeamFastBall,StrikeCalled,88.06,2145.93,6.273,6.183,-2.396,-2.1715,4.0668,23.0016,-11.8202,3.082,0.374,-4.7611,1.9384,NA,Undefined
3,0,0,1,4,2,Left,FourSeamFastBall,FoulBallNotFieldable,87.75,2156.47,6.228,5.936,-2.372,-1.9124,2.7233,21.063,-7.3658,2.892,-0.471,-4.8985,1.3951,NA,Undefined
4,0,0,0,4,1,Right,FourSeamFastBall,StrikeCalled,84.09,2045.25,6.4,6.046,-2.44,-2.7586,4.0142,20.443,-6.9244,1.899,0.681,-6.4702,2.7642,NA,Undefined
3,0,0,2,4,3,Left,Curveball,BallCalled,75.19,1809.38,6.188,5.805,-2.65,-0.762,1.7214,-7.5553,2.9626,0.306,-0.813,-11.3563,2.2581,NA,Undefined
4,0,0,1,4,2,Right,Slider,BallCalled,79.7,1713.94,6.446,5.903,-2.477,0.3574,2.9152,12.9835,0.5739,3.615,0.251,-5.6319,3.019,NA,Undefined
4,0,0,1,4,3,Right,ChangeUp,BallCalled,81.15,1373.07,6.45,5.93,-2.514,-1.6653,2.4377,9.6538,-15.2771,1.682,-1.546,-7.803,-0.3349,NA,Undefined
4,0,1,1,4,4,Right,FourSeamFastBall,InPlay,86.91,2140.96,6.271,6.115,-2.197,-1.9316,2.7377,23.656,-9.481,3.189,-0.462,-4.6571,1.0268,92.85,FlyBall
3,0,1,2,4,4,Left,FourSeamFastBall,BallCalled,88.45,2068.23,6.401,5.984,-2.587,-0.6384,2.3015,20.7907,-12.5013,4.145,-1.511,-3.5994,0.0384,NA,Undefined
3,0,2,2,4,5,Left,Slider,BallCalled,74.97,1706.35,6.065,5.955,-2.518,-0.9088,3.481,-3.581,3.8992,0.619,1.032,-10.8047,4.1831,NA,Undefined
4,1,0,0,5,1,Right,FourSeamFastBall,InPlay,85.35,2013.3,6.681,5.973,-2.404,-2.0988,3.8014,18.3667,-13.5717,2.414,-0.052,-5.8994,1.3358,101.8,LineDrive
3,0,3,2,4,6,Left,FourSeamFastBall,FoulBallNotFieldable,87.99,2139.34,6.29,5.997,-2.267,-1.8047,3.723,21.8104,-9.9912,3.137,0.337,-4.6115,1.9223,97.18,Undefined
3,0,0,0,1,1,Left,FourSeamFastBall,BallCalled,89.06,1982.35,6.298,6.175,-2.563,-1.2673,2.5588,14.4677,-11.0719,3.328,-1.126,-5.0791,0.5582,NA,Undefined
4,2,3,2,4,6,Right,FourSeamFastBall,BallCalled,82.43,1915.49,5.722,6.065,2.213,-1.2665,-1.6868,17.2227,13.7167,2.732,1.784,-6.1942,0.7676,NA,Undefined
3,0,0,0,2,1,Right,Sinker,BallCalled,82.54,1936.11,5.467,5.924,2.563,-2.2599,-2.4551,10.8061,17.8939,1.168,1.755,-8.116,0.7335,NA,Undefined
3,0,1,0,2,2,Right,FourSeamFastBall,InPlay,84.54,2060.53,5.218,5.895,2.44,-1.7005,-3.3774,19.7316,10.9351,2.526,0.172,-5.7035,-1.4437,91.36,LineDrive
4,2,0,0,5,1,Right,Curveball,BallCalled,67.68,1877.29,5.347,5.778,2.293,0.6362,-1.3649,2.7034,-8.793,1.238,0.28,-10.6626,-2.9297,NA,Undefined
4,2,1,0,5,2,Right,FourSeamFastBall,BallCalled,81.76,1933.1,5.565,6.302,1.984,-0.2082,-1.0145,16.9826,11.166,3.918,1.967,-5.1713,0.9774,NA,Undefined
4,0,0,0,1,1,Left,Slider,StrikeCalled,71.98,2021.62,5.498,5.801,1.815,0.5846,-2.6746,6.7227,-3.4398,2.293,-0.975,-8.35,-3.2867,NA,Undefined
4,2,2,0,5,3,Right,FourSeamFastBall,FoulBallNotFieldable,80.49,1870.74,5.775,6.093,2.057,-1.1226,-3.3393,15.4329,12.5517,2.635,-0.008,-6.5707,-1.0953,63.67,Undefined
4,0,0,1,1,2,Left,FourSeamFastBall,FoulBallNotFieldable,83.59,1943.36,5.861,6.445,1.733,-1.0578,-2.587,15.6256,15.1271,3.361,0.588,-5.8286,0.1247,57.04,Undefined
3,0,0,0,3,1,Left,Slider,BallCalled,70.67,2067.05,5.641,5.665,1.957,0.1915,-2.9234,0.6411,-5.4997,1.074,-1.231,-10.306,-3.9057,NA,Undefined
4,2,2,1,5,4,Right,FourSeamFastBall,StrikeCalled,82.64,2022.04,5.966,6.14,2.157,-2.4325,-3.3525,11.7452,11.4932,1.383,0.003,-8.0373,-1.2887,NA,Undefined
3,0,1,0,3,2,Left,Curveball,StrikeCalled,68.34,1916.15,5.43,6.345,1.202,1.9372,-0.5995,-5.3154,-8.5572,2.433,-0.073,-10.6791,-2.1254,NA,Undefined
4,0,0,2,1,3,Left,Slider,InPlay,70.55,1946.8,5.279,6.436,1.034,1.3637,-0.7341,-0.6528,-11.1618,2.74,-0.585,-9.5685,-2.7173,78.17,FlyBall
4,2,2,2,5,5,Right,Slider,StrikeSwinging,70.72,1957.55,5.187,6.119,1.169,0.9164,-1.2211,0.2826,-7.1167,2.012,-0.573,-10.0247,-2.4838,NA,Undefined
3,0,1,1,3,3,Left,Slider,StrikeCalled,71.27,1877.92,5.327,6.243,1.271,1.2614,-2.0514,5.8232,-7.5909,2.982,-1.288,-8.6353,-3.3985,NA,Undefined
4,1,0,0,2,1,Right,FourSeamFastBall,BallCalled,81.36,1981.19,5.39,6.09,2.502,-0.5258,-1.715,18.6432,10.5546,3.493,1.774,-5.2893,0.161,NA,Undefined
3,0,1,2,3,4,Left,ChangeUp,BallCalled,74.42,1952.93,5.714,6.208,1.412,-0.5178,-1.1795,2.4484,-2.9153,1.518,0.07,-9.8749,-1.7022,NA,Undefined
4,1,1,0,2,2,Right,FourSeamFastBall,BallCalled,82.63,1996.51,5.432,6.155,2.423,-2.1401,-2.4673,20.8771,15.9155,2.322,1.437,-6.3101,0.3629,NA,Undefined
3,0,2,2,3,5,Left,FourSeamFastBall,BallCalled,86.33,1981.97,5.587,6.258,1.455,-2.9694,-2.3674,14.3564,13.7565,1.452,0.39,-7.5209,0.088,NA,Undefined
4,1,2,0,2,3,Right,ChangeUp,StrikeCalled,73.9,1461.92,5.761,5.751,2.301,2.1782,-0.7208,13.0897,14.1098,4.56,2.806,-5.0266,1.8037,NA,Undefined
4,1,2,1,2,4,Right,Slider,StrikeCalled,70.6,2087.04,5.224,5.733,2.957,0.9456,-1.6276,3.6285,-12.2471,2.043,0.406,-9.0919,-3.7986,NA,Undefined
3,0,3,2,3,6,Left,Curveball,BallCalled,73.56,2057.87,5.546,6.156,1.367,2.7875,-1.4188,-1.7906,-4.6879,4.121,-0.35,-7.4923,-2.2542,NA,Undefined
4,1,2,2,2,5,Right,Sinker,BallCalled,83.24,2024.89,5.545,6.416,2.453,-1.6683,-1.7282,14.0831,16.2323,2.511,2.19,-6.9592,1.1682,NA,Undefined
4,1,3,2,2,6,Right,Slider,FoulBallNotFieldable,72.81,2156.7,5.416,5.546,2.487,1.2684,-0.7236,4.5269,-3.3143,2.57,1.533,-7.9185,-1.3136,NA,Undefined
3,0,0,0,4,1,Left,Sinker,InPlay,83,1932.34,5.583,5.948,2.358,-1.1881,-2.3406,12.1073,13.758,2.345,1.317,-6.7784,0.1146,50.61,GroundBall
4,1,3,2,2,7,Right,FourSeamFastBall,FoulBallNotFieldable,83.47,1880.54,5.577,6.208,2.302,-1.2828,-2.3921,15.3478,12.2808,2.882,1.09,-6.0526,-0.2019,69.86,Undefined
4,1,3,2,2,8,Right,Slider,InPlay,74.13,1202.01,5.29,6.135,2.008,1.2726,-0.9062,-2.9412,-9.6623,2.568,0.352,-9.2224,-2.6234,72.67,FlyBall
3,0,0,0,5,1,Right,Slider,StrikeCalled,74.4,2058.41,5.567,6.202,1.643,0.5792,-0.9467,-2.847,-6.4301,2.087,0.223,-9.7113,-2.0963,NA,Undefined
3,0,0,1,5,2,Right,Slider,InPlay,73.91,1982.2,5.399,6.34,1.208,-0.2135,-1.7645,-0.7927,-4.4938,1.478,-0.821,-10.5281,-2.5654,52.56,Popup
4,2,0,0,3,1,Right,Slider,FoulBallNotFieldable,74.76,2178.21,4.996,5.778,2.357,0.6234,-2.1795,7.48,-3.2196,2.59,0.03,-7.6709,-2.7474,59.72,Undefined
4,2,0,1,3,2,Right,FourSeamFastBall,BallCalled,83.96,1990.26,5.147,6.568,1.397,-3.2456,-1.7463,17.5548,13.8444,1.449,0.906,-7.8754,0.7058,NA,Undefined
4,2,1,1,3,3,Right,Curveball,BallCalled,69.01,1944.9,5.359,6.137,1.697,2.5952,-0.1236,-0.6308,-8.8826,3.407,0.841,-8.7751,-1.7028,NA,Undefined
4,2,2,1,3,4,Right,Slider,BallCalled,71.04,2253.34,5.545,5.76,2.051,-0.4507,-3.1353,0.7411,-9.1163,0.537,-1.641,-11.0115,-4.7607,NA,Undefined
4,2,3,1,3,5,Right,FourSeamFastBall,FoulBallNotFieldable,81.76,1917.2,5.876,6.197,1.921,-1.3407,-2.5319,17.1568,11.1458,2.782,0.497,-6.2971,-0.5335,65.17,Undefined
4,2,3,2,3,6,Right,Slider,BallCalled,72.86,2092.19,5.674,5.734,2.402,0.4148,-4.0763,4.5308,-4.5021,1.965,-1.78,-8.7676,-4.8779,NA,Undefined
4,2,0,0,4,1,Right,FourSeamFastBall,StrikeSwinging,79.76,1849.44,5.808,5.799,2.531,-0.6218,-3.6105,15.4662,13.9106,2.787,0.328,-6.101,-1.1235,NA,Undefined
4,2,0,1,4,2,Right,FourSeamFastBall,BallCalled,80.65,1925.56,5.312,6.007,2.363,0.044,-0.8916,15.3143,12.2866,3.595,2.55,-5.4606,1.2901,NA,Undefined
4,2,1,1,4,3,Right,ChangeUp,BallCalled,70.67,1567.07,6.055,5.906,2.433,-1.1065,-1.9823,18.3016,11.4303,1.712,1.55,-8.2387,0.0762,NA,Undefined
4,2,2,1,4,4,Right,FourSeamFastBall,BallCalled,79.05,1841.43,5.33,6.192,2.3,0.2752,-1.0162,17.9982,12.2282,4.023,2.365,-5.2276,1.1554,NA,Undefined
3,0,1,2,1,4,Right,FourSeamFastBall,InPlay,85.07,2006.53,5.282,6.329,1.655,-2.019,-2.7283,15.2545,17.0001,2.377,0.507,-6.5982,0.2869,81.84,LineDrive
4,2,3,1,4,5,Right,FourSeamFastBall,StrikeSwinging,80.99,1881.47,5.602,6.051,1.861,-1.7818,-2.3531,19.7206,11.0275,2.254,0.582,-6.6927,-0.3857,NA,Undefined
4,0,0,0,5,1,Right,Sinker,BallCalled,87.06,1837.77,5.333,5.683,-2.498,-0.5564,3.1091,7.066,-18.7817,2.582,-1.143,-6.2535,-0.2243,NA,Undefined
4,1,0,0,3,1,Right,FourSeamFastBall,StrikeCalled,90.31,2172.54,6.071,6.052,-2.372,-3.7893,3.3171,23.2554,-10.0143,1.605,-0.133,-5.9842,1.5184,NA,Undefined
6,1,0,0,2,1,Left,FourSeamFastBall,StrikeSwinging,87.47,2052.38,6.214,5.842,-2.528,-2.0914,3.483,20.7271,-13.1445,2.586,-0.405,-5.1688,1.1153,NA,Undefined
4,2,0,0,3,2,Right,FourSeamFastBall,BallCalled,89.87,2081.02,6.035,6.098,-2.169,-1.9735,1.2429,22.7102,-13.1338,3.28,-2.113,-4.3013,-1.1201,NA,Undefined
6,1,0,1,2,2,Left,Slider,InPlay,73.73,1708.99,5.982,5.885,-2.327,0.7604,1.2817,-0.9308,9.6955,2.214,-0.331,-8.9161,3.0268,85.65,GroundBall
4,2,1,0,3,3,Right,FourSeamFastBall,BallCalled,89.23,2110.55,6.368,6.075,-2.243,-2.0498,4.4943,18.8724,-11.8864,2.88,0.911,-5.0513,2.3516,NA,Undefined
4,2,2,0,3,4,Right,FourSeamFastBall,BallCalled,88.58,2083.79,6.466,6.017,-2.342,-4.8782,4.2339,20.3114,-11.6418,0.248,0.584,-7.81,2.1296,NA,Undefined
6,2,0,0,3,1,Right,ChangeUp,BallCalled,81.14,1606.82,6.755,5.785,-2.315,-4.4645,4.9873,8.7017,-19.0104,-1.081,0.668,-10.6604,1.526,NA,Undefined
4,2,3,0,3,5,Right,FourSeamFastBall,InPlay,89.29,2225.55,6.27,6.089,-2.125,-2.6153,2.5842,19.9386,-13.7939,2.439,-0.891,-5.4811,0.0934,82.56,FlyBall
6,2,1,0,3,2,Right,ChangeUp,BallCalled,79.52,1509.15,6.819,5.736,-2.594,-2.577,3.0928,12.7057,-15.7579,0.855,-1.083,-8.3049,0.215,NA,Undefined
5,0,0,0,1,1,Right,FourSeamFastBall,BallCalled,84.78,2002.14,6.224,6.083,-2.292,-1.822,4.3766,21.4475,-11.9709,2.907,0.757,-5.297,2.2241,NA,Undefined
6,2,2,0,3,3,Right,FourSeamFastBall,FoulBallNotFieldable,88.1,2038.08,6.21,6.098,-2.192,-3.5877,4.5509,19.7716,-13.1893,1.412,0.918,-6.7244,2.1799,74.26,Undefined
5,0,1,0,1,2,Right,FourSeamFastBall,StrikeCalled,85.57,2046.43,6.16,6.101,-2.42,-2.191,4.243,22.2602,-11.0941,2.703,0.583,-5.389,2.2502,NA,Undefined
4,0,0,0,4,1,Left,Curveball,BallCalled,77,2023.6,5.656,5.712,-2.881,-0.6107,3.0108,-11.7568,15.2007,0.083,1.196,-11.6308,5.7303,NA,Undefined
5,0,1,1,1,3,Right,FourSeamFastBall,StrikeSwinging,87.59,2088.23,6.228,5.962,-2.436,-2.4316,2.4655,21.5091,-10.988,2.44,-1.076,-5.4274,0.483,NA,Undefined
6,2,2,1,3,4,Right,FourSeamFastBall,FoulBallNotFieldable,88.67,2050.01,6.265,5.871,-2.334,-2.7596,2.8671,20.1245,-12.6435,2.037,-0.742,-5.7471,0.5851,74.29,Undefined
4,0,1,0,4,2,Left,FourSeamFastBall,BallCalled,88.54,2203.21,6.2,6.201,-2,-4.4167,4.1877,23.7562,-9.1504,1.073,1.11,-6.8614,2.543,NA,Undefined
5,0,1,2,1,4,Right,FourSeamFastBall,InPlay,88.34,2086.39,6.176,6.159,-2.169,-2.6543,2.8093,20.4723,-12.7619,2.421,-0.636,-5.6316,0.5097,92.3,LineDrive
4,0,2,0,4,3,Left,FourSeamFastBall,StrikeCalled,89.75,2128.74,6.258,6.104,-2.135,-3.524,4.2394,23.1071,-15.476,1.836,0.491,-5.9305,1.4535,NA,Undefined
6,2,2,2,3,5,Right,Slider,InPlay,75.74,1674.78,5.737,5.869,-2.419,1.4279,1.1801,-5.5035,9.66,2.475,-0.515,-9.0626,2.9109,92.85,GroundBall
4,0,2,1,4,4,Left,FourSeamFastBall,StrikeCalled,89.08,2219.21,6.076,6.038,-2.189,-3.5482,3.7482,19.6225,-11.5846,1.413,0.319,-6.6194,1.6677,NA,Undefined
4,0,2,2,4,5,Left,ChangeUp,BallCalled,80.82,1679.74,6.017,5.97,-2.459,0.5676,4.1418,5.5601,-0.2818,3.367,1.36,-6.4052,4.0913,NA,Undefined
5,0,0,0,2,1,Right,ChangeUp,BallCalled,80.3,1604.4,6.588,5.985,-2.672,-3.0945,5.0674,15.4527,-8.2458,0.846,1.297,-8.2817,3.5758,NA,Undefined
5,0,1,0,2,2,Right,FourSeamFastBall,FoulBallNotFieldable,87.17,2102.33,6.163,6.042,-2.409,-3.3743,3.2447,21.457,-6.2063,1.628,0.075,-6.3623,2.1278,88.73,Undefined
4,0,3,2,4,6,Left,FourSeamFastBall,BallCalled,88.03,2069.63,6.496,5.927,-2.267,-3.7533,4.8092,14.9401,-18.0666,0.73,0.653,-7.707,1.5421,NA,Undefined
5,0,1,1,2,3,Right,FourSeamFastBall,BallCalled,87.15,2132.74,6.401,6.08,-2.202,-4.419,4.9113,23.5007,-11.2473,0.846,1.389,-7.1397,2.885,NA,Undefined
5,0,2,1,2,4,Right,FourSeamFastBall,StrikeCalled,87.19,2069.71,6.209,6.145,-2.351,-1.6439,4.6511,22.5861,-14.9406,3.391,0.706,-4.5633,1.9668,NA,Undefined
4,0,0,0,1,1,Left,Slider,BallCalled,76.4,1932.68,5.717,5.773,-2.589,-0.0681,3.36,-3.6682,19.099,1.314,2.136,-9.6866,6.7685,NA,Undefined
4,0,1,0,1,2,Left,FourSeamFastBall,StrikeCalled,89.86,2243.9,6.406,5.959,-2.317,-3.5766,4.3498,21.6579,-12.4369,1.555,0.654,-6.1923,2.1055,NA,Undefined
5,0,2,2,2,5,Right,ChangeUp,StrikeSwinging,79.49,1665.51,5.974,5.879,-2.703,-1.4737,4.153,3.5245,0.3587,0.948,1.184,-9.4247,4.2174,NA,Undefined
4,0,1,1,1,3,Left,Slider,FoulBallNotFieldable,75.36,1894.78,5.971,5.831,-2.8,1.2592,1.4852,1.8087,20.5729,3.004,0.291,-7.6133,5.1798,63.72,Undefined
4,0,1,1,1,4,Left,FourSeamFastBall,FoulBallNotFieldable,88.44,2129.69,6.309,5.976,-2.386,-2.3298,2.7344,20.6353,-11.8226,2.585,-0.851,-5.2234,0.5987,52.32,Undefined
8,1,1,1,3,3,Right,FourSeamFastBall,InPlay,87.26,2056.36,6.205,6.022,-2.007,-1.9598,3.7519,15.1892,-11.8679,2.418,0.472,-6.0323,1.6148,87.32,FlyBall
8,2,0,0,4,1,Right,FourSeamFastBall,BallCalled,87.71,2079.49,6.348,6.141,-2.137,-0.955,4.1037,23.6671,-8.1906,4.217,0.964,-3.436,2.6275,NA,Undefined
8,2,1,0,4,2,Right,FourSeamFastBall,BallCalled,85.94,2043.1,6.172,6.055,-2.262,-1.2687,1.1599,21.6996,-10.737,3.535,-2.085,-4.4144,-0.777,NA,Undefined
8,0,0,0,1,1,Left,FourSeamFastBall,BallCalled,87.81,2089.96,6.709,6.18,-2.131,-1.435,4.6301,18.7083,-12.2584,3.489,1.09,-4.6206,2.4067,NA,Undefined
8,0,1,0,1,2,Left,FourSeamFastBall,BallCalled,88.82,2112.84,6.403,6.072,-1.945,-1.1359,3.2253,22.6532,-8.8784,4.002,0.285,-3.5599,1.6205,NA,Undefined
8,2,2,0,4,3,Right,FourSeamFastBall,BallCalled,85.74,2014.64,6.167,5.972,-2.239,-3.1288,3.4113,13.925,-14.4422,1.076,-0.288,-7.6279,0.8087,NA,Undefined
8,2,3,0,4,4,Right,FourSeamFastBall,StrikeCalled,86.35,2062.27,6.081,6.115,-2.091,-2.1219,2.1011,22.6181,-7.0239,2.899,-0.732,-5.0398,0.8372,NA,Undefined
8,0,2,0,1,3,Left,FourSeamFastBall,StrikeCalled,87.39,2133.59,6.343,5.883,-2.478,-2.6773,4.3058,23.2899,-12.4236,2.333,0.459,-5.2105,2.0668,NA,Undefined
8,0,2,1,1,4,Left,FourSeamFastBall,FoulBallNotFieldable,87.6,2148.57,6.375,6.04,-2.006,-1.7295,3.0834,20.8855,-13.0693,3.202,-0.255,-4.6216,0.7208,61.83,Undefined
8,2,3,1,4,5,Right,FourSeamFastBall,BallCalled,85.12,2013.73,6.156,6.024,-1.969,-3.0015,4.3571,15.7484,-13.5926,1.339,0.932,-7.2998,1.9135,NA,Undefined
8,0,2,2,1,5,Left,FourSeamFastBall,FoulBallNotFieldable,88.65,2119.85,6.243,6.034,-2.012,-1.6893,3.4709,17.8704,-12.4301,3.017,0.158,-5.0365,1.2305,NA,Undefined
8,0,2,2,1,6,Left,Slider,BallCalled,78.65,1763.57,5.842,5.826,-2.437,1.487,2.2238,4.1891,0.0447,3.721,-0.365,-6.2881,2.2318,NA,Undefined
8,0,3,2,1,7,Left,FourSeamFastBall,FoulBallNotFieldable,87.94,2067.86,6.444,6.027,-2.155,-2.4256,4.0188,19.9517,-9.3072,2.491,0.768,-5.436,2.3373,84.74,Undefined
8,0,3,2,1,8,Left,FourSeamFastBall,BallCalled,88.44,2013,6.485,5.974,-2.232,-0.4849,3.3436,20.5408,-11.8887,4.328,-0.149,-3.2868,1.1912,NA,Undefined
8,2,0,0,5,1,Right,FourSeamFastBall,StrikeSwinging,88.12,2174.48,6.087,6.146,-2.319,-1.4897,2.5132,21.439,-11.3891,3.534,-0.942,-4.3713,0.4642,NA,Undefined
8,2,0,1,5,2,Right,FourSeamFastBall,BallCalled,88.93,2146.52,6.172,6.165,-2.182,-3.146,4.0179,16.703,-12.1784,1.698,0.521,-6.6808,1.8273,NA,Undefined
8,0,0,0,2,1,Right,FourSeamFastBall,BallCalled,86.08,1997.12,6.256,6.146,-2.152,-1.3238,2.3177,21.8823,-9.2806,3.648,-0.787,-4.2873,0.6424,NA,Undefined
8,2,1,1,5,3,Right,FourSeamFastBall,FoulBallNotFieldable,86.01,2021.83,5.741,6.056,-2.585,-2.4563,4.1454,15.4377,-16.1862,1.844,-0.067,-6.7717,1.2566,69.17,Undefined
8,2,1,2,5,4,Right,FourSeamFastBall,BallCalled,88.7,2184.65,6.152,6.137,-2.446,-1.0917,2.9412,22.3922,-12.7462,4.033,-0.788,-3.6708,0.6465,NA,Undefined
8,2,2,2,5,5,Right,FourSeamFastBall,InPlay,88.04,2129.39,6.174,6.158,-2.272,-2.2845,2.2664,19.2771,-8.7913,2.662,-0.911,-5.4719,0.6815,99,LineDrive
8,0,1,0,2,2,Right,FourSeamFastBall,FoulBallNotFieldable,86.67,2028.23,6.388,6.197,-2.029,-1.8256,3.0405,22.5433,-7.3931,3.345,0.154,-4.5614,1.7042,69.86,Undefined
8,0,1,1,2,3,Right,ChangeUp,BallCalled,81.92,1820.2,6.639,5.945,-2.371,-1.4412,1.8581,11.4725,-11.5412,2.134,-1.631,-7.1242,-0.2443,NA,Undefined
8,2,0,0,6,1,Left,Slider,BallCalled,79.28,1549.87,5.876,5.856,-2.358,3.0039,2.4707,0.9067,-0.0626,4.89,-0.067,-5.4105,2.4595,NA,Undefined
8,0,2,1,2,4,Right,FourSeamFastBall,StrikeSwinging,86.81,1998.97,6.272,6.122,-2.115,-1.4827,2.7912,20.4711,-7.5927,3.332,-0.172,-4.8175,1.421,NA,Undefined
8,2,1,0,6,2,Left,FourSeamFastBall,BallCalled,86.24,2121.24,6.144,6.152,-2.225,-0.3792,1.9915,17.5378,-12.4485,4.1,-1.421,-4.3073,-0.252,NA,Undefined
8,0,2,2,2,5,Right,FourSeamFastBall,FoulBallNotFieldable,86.85,2023.26,6.186,6.131,-1.958,-1.3422,3.024,20.8171,-12.2929,3.498,-0.188,-4.6018,0.8094,65.38,Undefined
8,2,2,0,6,3,Left,FourSeamFastBall,StrikeCalled,86.54,2075.26,6.041,6.145,-2.304,-2.0223,2.4778,23.0372,-8.8043,3.031,-0.742,-4.938,0.8953,NA,Undefined
8,2,2,1,6,4,Left,FourSeamFastBall,InPlay,85.06,2031.77,6.306,6.142,-2.396,-1.2604,2.352,19.8597,-8.4931,3.41,-0.935,-4.9063,0.8174,64.52,FlyBall
8,0,2,2,2,6,Right,ChangeUp,InPlay,81.53,1540.84,6.875,5.95,-2.357,-1.6513,2.9805,14.1167,-15.4706,2.215,-0.927,-6.7526,0.1538,67.45,FlyBall
8,1,0,0,3,1,Right,FourSeamFastBall,BallCalled,87.74,2088.77,6.118,6.223,-2.158,-0.693,1.4645,22.7266,-10.1984,4.459,-1.654,-3.3339,-0.3728,NA,Undefined
8,1,1,0,3,2,Right,FourSeamFastBall,FoulBallNotFieldable,86.37,1984.96,6.521,6.001,-2.163,-2.3596,3.9739,21.041,-9.527,2.512,0.695,-5.4241,2.25,82.62,Undefined
8,0,2,0,1,3,Right,Fastball,StrikeCalled,91.1,2160.25,6.11,5.902,-2.018,-3.1738,3.492,14.9539,-12.9389,1.412,0.137,-6.675,1.1646,NA,Undefined
8,2,3,2,5,6,Right,Slider,FoulBallNotFieldable,80.74,1574.24,5.501,5.971,-1.986,-1.2118,3.5797,3.6007,1.8928,1.44,1.525,-8.6738,3.9163,NA,Undefined
8,0,2,1,1,4,Right,Fastball,InPlay,90.43,2190.25,5.91,6.009,-1.768,-2.5792,3.349,15.7187,-10.9665,2.058,0.43,-6.0936,1.3838,92.63,LineDrive
8,2,3,2,5,7,Right,Fastball,FoulBallNotFieldable,89.98,2141.07,6.016,6.113,-1.937,-0.9356,3.089,16.8564,-5.3974,3.73,0.477,-4.4259,2.1202,64.86,Undefined
8,1,0,0,2,1,Right,Fastball,BallCalled,91.5,2088.84,6.036,5.949,-1.834,-0.9741,2.9064,16.9856,-12.6217,3.679,-0.192,-4.1124,0.6386,NA,Undefined
8,1,1,0,2,2,Right,ChangeUp,StrikeSwinging,84.7,1731.78,6.487,6.021,-1.632,-1.6566,3.3663,9.8526,-10.9108,2.153,0.553,-6.9254,1.3885,NA,Undefined
8,2,3,2,5,8,Right,Curveball,StrikeCalled,76.8,1620.5,5.77,5.875,-2.084,2.2875,1.2714,-10.1108,7.8466,3.172,-0.247,-8.3297,2.6775,NA,Undefined
8,1,1,1,2,3,Right,Curveball,BallCalled,77.78,1478.51,5.909,5.687,-2.108,2.6292,0.3338,-12.838,8.0267,3.216,-1.129,-8.1679,1.7766,NA,Undefined
8,1,2,1,2,4,Right,Fastball,BallCalled,91.18,2124.06,5.873,6.07,-1.846,-3.721,4.8676,17.3022,-14.403,1.201,1.486,-6.8946,2.2962,NA,Undefined
8,1,3,1,2,5,Right,Fastball,BallCalled,89.74,2176.95,6.213,5.952,-1.86,-1.2847,3.3776,18.9264,-14.7725,3.433,0.03,-4.389,0.716,NA,Undefined
8,1,0,0,3,1,Right,Fastball,BallCalled,89.27,1924.62,6.11,6.035,-2.14,-1.0841,3.2472,20.2407,-8.0157,3.788,0.198,-3.9781,1.8063,NA,Undefined
8,1,1,0,3,2,Right,Fastball,HitByPitch,88.4,2101.37,6.276,6.021,-2.08,-1.6341,4.5988,19.2095,-3.7978,3.129,1.852,-4.8297,3.9163,NA,Undefined
8,1,0,0,4,1,Right,Curveball,FoulBallNotFieldable,78.85,1489.56,5.926,5.765,-2.126,0.6876,1.7444,-7.7921,6.6378,1.948,0.046,-9.1429,2.9382,NA,Undefined
8,1,0,1,4,2,Right,Fastball,StrikeCalled,89.08,2229.15,6.178,6.087,-1.936,-3.0914,3.8677,20.5133,-9.1868,1.952,0.875,-6.0635,2.2156,NA,Undefined
8,1,0,2,4,3,Right,Fastball,FoulBallNotFieldable,89.52,2027.91,6.071,5.919,-2.069,-1.913,2.9223,20.8957,-8.0544,2.959,-0.034,-4.687,1.4747,65.39,Undefined
8,1,0,2,4,4,Right,Curveball,FoulBallNotFieldable,77.34,1684.22,5.676,5.885,-2.37,2.5362,1.5742,-10.7639,11.5419,3.37,0.06,-8.1853,3.6371000000000002,74.97,Undefined
8,1,0,2,4,5,Right,Curveball,StrikeSwinging,77.44,1507.6,5.853,5.645,-2.233,-1.1604,2.0914,-15.958,6.7756,-0.738,0.276,-12.7205,3.313,NA,Undefined
8,2,0,0,5,1,Right,Fastball,BallCalled,87.93,1995.97,6.015,6.089,-1.921,-1.2713,4.1646,20.321,-9.8271,3.556,1.125,-4.406,2.4042,NA,Undefined
8,2,1,0,5,2,Right,ChangeUp,FoulBallNotFieldable,83.46,1430.58,6.589,5.872,-2.152,-1.4655,3.1138,13.1653,-8.0895,2.368,0.03,-6.3603,1.6448,65.82,Undefined
8,2,1,1,5,3,Right,Slider,BallCalled,80.25,1710.25,5.524,5.724,-2.342,1.8409,2.8463,0.5755,3.8508,3.733,0.642,-6.3823,3.5311,NA,Undefined
8,2,2,1,5,4,Right,Slider,FoulBallNotFieldable,79.15,1664.4,5.804,5.847,-2.293,0.6829,2.2538,1.2687,-0.0294,2.85,-0.198,-7.3373,2.2486,86.69,Undefined
8,0,0,0,1,1,Right,Fastball,BallCalled,90.79,2181.6,6.076,5.941,-1.877,-3.8542,4.4903,21.2252,-12.1393,1.282,1.275,-6.3623,2.3141,NA,Undefined
8,2,2,2,5,5,Right,Curveball,BallCalled,77.35,1880.61,5.688,5.68,-2.191,-1.5743,3.4308,-11.1621,9.1379,-0.734,1.772,-12.3066,5.0676,NA,Undefined
8,0,1,0,1,2,Right,Fastball,BallCalled,89.83,2112.68,6.175,5.908,-2.009,-3.2844,4.5306,17.3236,-9.7832,1.428,1.369,-6.553,2.7734,NA,Undefined
8,1,0,2,3,3,Right,Fastball,FoulBallNotFieldable,87.46,1992.91,6.098,5.852,-2.003,-1.6747,3.926,17.8387,-8.6352,2.711,0.915,-5.323,2.3757,59.22,Undefined
9,1,1,1,3,3,Right,Curveball,HitByPitch,78.59,1622.21,5.956,5.819,-1.898,-0.0508,3.4264,-5.6669,3.1543,1.517,1.546,-9.3916,3.9927,NA,Undefined
8,1,0,2,3,4,Right,Curveball,StrikeCalled,77.59,1804.54,5.648,5.886,-2.083,1.905,2.175,-12.5152,4.0352,2.647,0.283,-9.0975,2.8964,NA,Undefined
7,1,0,0,6,1,Left,Fastball,StrikeCalled,90.46,2013.63,5.83,6.044,-2.259,-2.6284,3.636,22.2008,-8.5761,2.582,0.411,-4.9822,2.1036,NA,Undefined
9,1,0,0,4,1,Left,Fastball,StrikeCalled,88.36,2077.02,5.968,5.902,-2.297,-2.4245,3.3652,17.4735,-11.9076,2.088,-0.166,-5.991,1.2293,NA,Undefined
8,2,0,0,4,1,Right,Fastball,BallCalled,88.31,2073.45,5.953,5.976,-2.145,-0.9313,3.5402,17.8672,-10.6068,3.554,0.259,-4.5193,1.6396,NA,Undefined
7,1,0,1,6,2,Left,Fastball,InPlay,90.44,1999.3,5.853,6.058,-2.399,-2.9827,3.9493,21.0825,-10.7245,2.173,0.382,-5.5314,2.0328,98.31,LineDrive
9,1,0,1,4,2,Left,Fastball,FoulBallNotFieldable,86.58,2002.76,5.756,5.983,-2.175,-3.3283,2.26,21.0204,-13.4083,1.465,-1.187,-6.5691,-0.1391,NA,Undefined
8,2,1,0,4,2,Right,Fastball,InPlay,87.22,2085.34,6.185,5.938,-2.141,-1.9276,3.8197,18.1601,-9.5649,2.571,0.595,-5.5803,2.099,89.91,GroundBall
9,1,0,2,4,3,Left,Slider,FoulBallNotFieldable,77.96,1559.77,5.562,5.727,-2.225,1.0316,2.6775,2.4403,2.0066,2.926,0.445,-7.3039,3.035,65.73,Undefined
7,2,0,0,7,1,Left,Fastball,StrikeCalled,91.08,2043.72,5.854,6.106,-2.087,-2.1564,3.4441,21.8965,-12.8913,3.087,0.043,-4.5233,1.138,NA,Undefined
9,1,0,2,4,4,Left,Slider,StrikeSwinging,77.19,1816.02,5.73,5.626,-2.227,1.0465,2.2762,-12.886,6.4026,1.51,0.427,-10.1166,3.4237,NA,Undefined
7,2,0,1,7,2,Left,Fastball,BallCalled,90.68,2071.16,5.921,6.016,-2.212,-3.33,4.5109,20.8812,-12.1365,1.803,0.971,-5.8967,2.3416,NA,Undefined
7,2,1,1,7,3,Left,Fastball,StrikeCalled,89.06,2019.93,6.011,6.017,-2.24,-3.3895,3.1987,21.4456,-11.7786,1.708,-0.256,-6.0758,1.0843,NA,Undefined
7,2,1,2,7,4,Left,Slider,BallCalled,78.99,1691.63,5.883,5.768,-2.167,1.8822,3.1533,-0.7255,4.4627,3.692,1.136,-6.5845,3.9518,NA,Undefined
7,2,2,2,7,5,Left,Curveball,StrikeSwinging,78.12,1739.54,5.851,5.8,-2.35,0.0218,2.4387,-14.0556,11.9993,0.818,0.917,-10.8754,4.5951,NA,Undefined
9,0,0,0,1,1,Right,Fastball,BallCalled,88.31,2001.79,5.958,6.05,-2.156,0.4007,3.4937,19.6851,-10.6479,5.018,0.201,-2.8684,1.586,NA,Undefined
9,0,1,0,1,2,Right,Fastball,BallCalled,86.2,2079.79,6.142,5.88,-2.11,-3.2832,4.3601,20.844,-10.7402,1.413,1.032,-6.5629,2.4316,NA,Undefined
9,0,2,0,1,3,Right,Fastball,StrikeSwinging,86.77,2078.68,5.981,5.931,-2.083,-3.5333,3.2818,18.0554,-13.6601,1.023,-0.176,-7.2263,0.8296,NA,Undefined
8,0,0,0,1,1,Left,Fastball,BallCalled,88.74,1890.63,5.948,6.05,-2.012,-0.9246,3.9096,17.7772,-13.2698,3.688,0.514,-4.3685,1.5333,NA,Undefined
8,0,1,0,1,2,Left,Fastball,BallCalled,87.93,1975.41,6.199,5.902,-2.145,0.992,3.8384,13.3698,-11.1569,4.949,0.474,-3.252,1.8316,NA,Undefined
9,0,2,1,1,4,Right,ChangeUp,BallCalled,83.22,1766.89,6.362,5.796,-2.212,-2.5916,4.2001,12.3028,-12.9926,1.079,0.578,-7.836,1.8535,NA,Undefined
8,0,2,0,1,3,Left,Fastball,BallCalled,87.69,1925.18,6.132,5.907,-1.961,-3.5115,3.5723,16.2097,-13.2762,0.975,0.238,-7.3082,1.1832,NA,Undefined
9,0,3,1,1,5,Right,Fastball,StrikeCalled,86.96,2045.17,6.012,5.855,-2.04,-3.2269,3.0009,20.6611,-11.5345,1.468,-0.218,-6.4338,0.9293,NA,Undefined
8,0,3,0,1,4,Left,Fastball,StrikeCalled,87.05,1970.88,6.033,5.823,-1.946,-1.476,3.3658,19.1907,-12.0949,2.986,0.166,-4.8397,1.1942,NA,Undefined
9,0,3,2,1,6,Right,Fastball,FoulBallNotFieldable,88.53,2100.24,6.09,5.819,-2.06,-2.1897,3.34,16.4292,-11.3086,2.166,0.091,-5.9012,1.3068,NA,Undefined
8,0,3,1,1,5,Left,Fastball,BallCalled,88.33,1970.25,6.205,5.912,-2.012,-4.2202,3.6872,15.1841,-12.1311,0.318,0.385,-8.0008,1.5012,NA,Undefined
9,0,3,2,1,7,Right,Fastball,BallCalled,85.95,2022.71,6.077,5.814,-2.134,-4.1629,4.149,14.9184,-13.3077,0.035,0.603,-8.4441,1.7582,NA,Undefined
8,0,0,0,2,1,Right,Fastball,BallCalled,88.93,1905.59,6.024,5.916,-2.361,0.3439,3.8798,14.6663,-12.666,4.5,0.183,-3.6065,1.6086,NA,Undefined
9,0,0,0,2,1,Right,Fastball,BallCalled,88.09,2095.23,6.037,6.033,-1.963,-1.1638,3.8879,18.5253,-11.3432,3.459,0.697,-4.6111,1.8533,NA,Undefined
8,0,1,0,2,2,Right,Fastball,InPlay,87.94,1970.01,6.161,5.941,-2.091,-2.9739,3.2931,18.7105,-9.7975,1.751,0.138,-6.259,1.5294,91.51,Popup
9,0,1,0,2,2,Right,Fastball,InPlay,86.58,2014.93,5.965,5.943,-1.99,-2.5005,3.0488,16.5375,-13.2886,1.856,-0.268,-6.5102,0.6634,81.58,Popup
8,1,0,0,3,1,Right,Fastball,FoulBallNotFieldable,88.08,1864.43,5.955,5.896,-1.972,-1.4064,3.4333,14.0987,-13.0897,2.753,0.125,-5.5523,1.0859,100.35,Undefined
9,1,0,0,3,1,Right,Fastball,FoulBallNotFieldable,88.12,2066.6,6.142,5.845,-2.382,-2.2853,4.1613,20.5146,-12.0056,2.427,0.47,-5.3011,2.0048,56.97,Undefined
8,1,0,1,3,2,Right,Fastball,FoulBallNotFieldable,89.09,1946.9,5.981,5.886,-2.05,-3.4941,3.8546,19.4509,-10.9082,1.317,0.619,-6.5079,1.8996,NA,Undefined
9,1,0,1,3,2,Right,Curveball,BallCalled,75.6,1835.07,5.72,5.747,-2.204,5.554,-1.5544,-8.5388,6.5501,6.067,-3.107,-5.1691,-0.3862,NA,Undefined
3,2,1,2,5,5,Right,Curveball,StrikeCalled,76.89,1674.18,5.659,5.98,-2.251,1.4465,1.0944,-13.589,8.0888,2.171,-0.556,-9.8447,2.5434,NA,Undefined
4,1,2,2,2,5,Right,Curveball,InPlay,75.6,1490.08,5.84,5.902,-2.19,1.4631,1.3661,-7.64,7.2311,2.503,-0.317,-9.0134,2.6643,75.45,GroundBall
3,0,2,0,1,3,Right,Fastball,StrikeCalled,84.77,2031.25,6.133,5.835,-1.973,-2.4913,4.3865,18.5792,-14.7571,1.859,0.86,-6.2739,1.736,NA,Undefined
2,1,0,0,2,1,Right,Fastball,BallCalled,88.94,2141.68,5.982,6.035,-2.245,-1.2353,3.7311,20.5294,-15.1701,3.642,-0.046,-4.1247,1.0116,NA,Undefined
2,1,1,0,2,2,Right,ChangeUp,BallCalled,83.05,1560.91,6.491,5.8,-2.225,-2.9907,3.0362,16.9728,-9.9933,1.152,-0.268,-7.2984,1.2243,NA,Undefined
3,0,2,1,1,4,Right,Fastball,StrikeCalled,86.52,2058.44,6.11,5.817,-2.187,-3.0068,4.096,21.7096,-11.1423,1.75,0.679,-5.9403,2.0956,NA,Undefined
3,0,2,2,1,5,Right,Curveball,StrikeSwinging,76.06,1740.08,5.791,5.981,-2.142,0.5107,1.2019,-16.2292,8.743,1.051,-0.295,-11.2713,2.7746,NA,Undefined
2,1,2,0,2,3,Right,Fastball,BallCalled,86.37,2076.55,6.184,5.888,-2.02,-3.3692,4.7078,18.6483,-14.3198,1.21,1.143,-6.905,2.1351,NA,Undefined
4,1,0,0,3,1,Left,Curveball,StrikeCalled,75.57,1774.37,5.787,5.977,-2.446,1.801,2.5814,-12.0279,13.0162,2.481,1.042,-9.553,4.9118,NA,Undefined
4,1,0,1,3,2,Left,Fastball,BallCalled,86.14,2045.14,6.013,5.952,-2.238,-2.8638,5.1571,21.3734,-8.7699,1.885,1.822,-6.0929,3.5901,NA,Undefined
2,1,3,0,2,4,Right,Fastball,StrikeCalled,86.93,2078.21,6.138,5.906,-2.177,-1.5512,4.0468,19.204,-13.556,3.017,0.439,-4.8752,1.611,NA,Undefined
1,0,0,0,1,1,Right,Fastball,BallCalled,89.24,2086.76,6.118,6.087,-2.074,-2.6894,4.1556,16.8717,-9.7415,2.03,0.963,-6.2768,2.4062,NA,Undefined
2,1,3,1,2,5,Right,Fastball,InPlay,87.25,2106.54,5.962,5.869,-2.388,-0.9526,3.567,18.5668,-13.8055,3.476,-0.226,-4.395,1.0924,101.19,LineDrive
3,1,0,0,2,1,Right,Fastball,StrikeCalled,87.67,2123.93,5.944,6.066,-2.196,-3.4268,3.3321,22.1016,-14.3019,1.678,-0.294,-6.1985,0.7682,NA,Undefined
1,0,1,0,1,2,Right,Fastball,StrikeCalled,89.33,2142.77,6.012,6.013,-1.991,-2.6618,3.3523,18.0914,-10.0916,2.095,0.277,-5.9823,1.5409,NA,Undefined
4,1,1,1,3,3,Left,Curveball,StrikeCalled,75.55,1764.07,5.727,5.775,-2.666,1.0661,2.6693,-10.9549,12.1881,1.69,0.838,-10.0453,4.8502,NA,Undefined
3,1,0,1,2,2,Right,Curveball,FoulBallNotFieldable,76.26,1902.97,5.619,5.928,-2.074,1.2792,2.6127,-13.4562,12.2708,1.909,1.388,-10.0888,4.8044,NA,Undefined
1,0,1,1,1,3,Right,Curveball,BallCalled,78.32,1760.23,5.557,5.788,-2.235,2.2536,1.603,-11.6682,10.4303,3.023,0.132,-8.4159,3.4639,NA,Undefined
4,1,1,2,3,4,Left,Curveball,BallCalled,76.64,1643.59,5.987,5.852,-2.488,-2.1274,3.5945,-12.035,9.6195,-1.14,1.649,-13.0174,5.3279,NA,Undefined
3,1,0,2,2,3,Right,Fastball,StrikeSwinging,89.38,2054.86,5.884,5.932,-2.129,-2.1973,2.4178,21.6008,-9.7619,2.772,-0.696,-4.7831,0.6681,NA,Undefined
1,0,2,1,1,4,Right,Fastball,BallCalled,90.09,2214.86,6.281,5.95,-2.225,-2.742,5.3795,14.4333,-15.0219,1.743,1.497,-6.5362,2.6799,NA,Undefined
2,1,0,0,3,1,Right,Fastball,BallCalled,87.97,2111.01,6.082,6.072,-2.368,-0.6084,2.764,20.5425,-13.0628,4.21,-0.897,-3.6249,0.4146,NA,Undefined
4,1,2,2,3,5,Left,Curveball,BallCalled,74.86,1772.68,5.524,5.934,-2.366,3.749,1.0762,-14.682,14.2331,3.94,-0.174,-8.2944,3.6122,NA,Undefined
1,0,3,1,1,5,Right,Fastball,StrikeSwinging,89.36,2136.72,6.059,5.966,-2.075,-2.6856,2.7334,23.0236,-11.9178,2.438,-0.536,-5.147,0.591,NA,Undefined
2,1,1,0,3,2,Right,Fastball,StrikeCalled,87.05,2154.8,6.247,5.876,-2.316,-2.4134,4.117,20.7058,-13.0145,2.31,0.404,-5.5009,1.774,NA,Undefined
3,2,0,0,3,1,Right,Fastball,StrikeCalled,87.7,2147.41,6.114,5.858,-2.127,-1.7919,3.9137,17.3011,-16.6842,2.617,0.107,-5.4006,0.915,NA,Undefined
4,1,3,2,3,6,Left,Curveball,BallCalled,76.88,1727.82,5.93,5.839,-2.563,0.8581,3.351,-11.9051,13.6255,1.673,1.685,-10.0044,5.7951,NA,Undefined
1,0,3,2,1,6,Right,Fastball,StrikeCalled,88.54,2085.05,6.133,5.884,-1.801,-2.5657,3.7952,20.2069,-16.5173,2.189,0.335,-5.6326,0.8253,NA,Undefined
3,2,0,1,3,2,Right,Fastball,StrikeCalled,87.4,2131.41,5.775,6.008,-2.086,-2.1422,3.2649,19.8377,-14.0807,2.584,-0.218,-5.4015,0.7481,NA,Undefined
2,1,1,1,3,3,Right,Fastball,InPlay,86.77,2156.76,5.891,6.072,-2.347,-2.5839,3.2821,20.6038,-12.9976,2.269,-0.379,-5.7927,0.954,88.04,FlyBall
3,2,0,2,3,3,Right,Fastball,FoulBallNotFieldable,88.8,2104.02,5.924,5.982,-1.896,-2.0765,2.6133,21.6408,-12.3789,2.898,-0.501,-4.7538,0.3931,82.37,Undefined
1,1,0,0,2,1,Right,Fastball,StrikeCalled,91.06,2142.12,5.918,6.099,-1.999,-1.3023,3.1414,15.5977,-11.02,3.334,0.001,-4.8597,1.1663,NA,Undefined
4,1,0,0,4,1,Right,Fastball,StrikeSwinging,87.72,2086.1,6.006,5.991,-2.319,-3.097,4.6033,21.3483,-15.6641,1.836,0.65,-6.0458,1.7985,NA,Undefined
3,2,0,2,3,4,Right,Curveball,BallCalled,77.59,1839.12,5.606,6.013,-1.956,-0.6206,3.4942,-13.2005,8.5665,0.297,2.023,-11.8013,5.0251,NA,Undefined
1,1,0,1,2,2,Right,Curveball,BallCalled,77.22,1744.24,5.43,5.839,-2.627,3.3437,2.0885,-12.4073,7.7933,3.897,-0.02,-7.7608,3.4733,NA,Undefined
4,1,0,1,4,2,Right,Fastball,BallCalled,86.39,2110.79,6.031,5.772,-2.608,-4.2444,4.7166,17.7824,-18.0647,0.158,0.264,-8.0104,1.4781,NA,Undefined
1,1,1,1,2,3,Right,Curveball,StrikeSwinging,76.97,1857.12,5.569,5.75,-1.95,1.1451,1.7117,-14.0198,6.7935,1.609,0.216,-10.2346,2.9266,NA,Undefined
3,2,1,2,3,5,Right,Fastball,InPlay,88.54,2081.42,5.654,6.086,-2.077,-1.9975,3.5451,16.2756,-15.1282,2.526,-0.027,-5.8392,0.8476,95.92,FlyBall
2,1,0,0,4,1,Left,Fastball,FoulBallNotFieldable,87.65,2130.49,6.041,6.153,-2.29,-2.1028,3.3845,17.8607,-3.1763,2.543,0.582,-5.9528,2.8143,71.71,Undefined
4,1,1,1,4,3,Right,Fastball,FoulBallNotFieldable,85.98,2093.22,6.082,5.88,-2.406,-2.8894,3.9858,20.2452,-12.7325,1.685,0.227,-6.3877,1.6997,65.7,Undefined
1,1,1,2,2,4,Right,Curveball,InPlay,76.19,1353.6,5.745,5.868,-2.155,0.633,1.2814,-9.5151,8.6194,1.574,-0.243,-10.0761,2.828,71.85,Popup
4,1,1,2,4,4,Right,Fastball,StrikeSwinging,86.58,2144.62,5.848,6.04,-2.177,-1.5628,4.468,21.0068,-12.3794,3.163,0.952,-4.8457,2.2582,NA,Undefined
3,2,0,0,4,1,Right,Fastball,StrikeSwinging,89.01,2002.46,5.979,6.053,-2.113,-1.3346,3.3507,22.359,-10.2463,3.713,0.143,-3.9187,1.5136,NA,Undefined
1,2,0,0,3,1,Right,Fastball,BallCalled,89.86,2253.62,6.145,5.857,-2.255,-4.1964,3.7204,20.1799,-16.462,0.734,-0.184,-7.0532,0.7589,NA,Undefined
2,1,0,1,4,2,Left,Fastball,FoulBallNotFieldable,87.91,2169.94,5.922,6.053,-2.154,-1.8425,3.9922,22.2258,-13.6625,3.157,0.418,-4.5919,1.5474,72.21,Undefined
4,0,0,0,1,1,Right,Fastball,StrikeCalled,86.93,2077.18,5.793,6.04,-2.243,-2.2884,4.4181,18.4706,-13.3908,2.332,0.759,-5.8535,2.029,NA,Undefined
3,2,0,1,4,2,Right,ChangeUp,InPlay,82.13,1549.57,6.534,5.846,-1.938,-1.9399,2.9941,13.2507,-10.0668,1.805,-0.028,-7.0386,1.1669,95.18,LineDrive
1,2,1,0,3,2,Right,Fastball,BallCalled,88.3,2136.81,6.112,5.959,-2.119,-0.7741,3.6891,19.971,-12.6338,3.899,0.244,-3.8989,1.4191,NA,Undefined
4,0,0,1,1,2,Right,Fastball,BallCalled,84.95,1981.9,5.823,5.938,-2.171,-0.6743,3.7256,19.0913,-13.6642,3.653,0.159,-4.4457,1.2836,NA,Undefined
4,2,0,0,5,1,Right,Fastball,FoulBallNotFieldable,87.6,2109.74,5.811,6.028,-2.249,-2.3731,3.4172,20.0114,-10.7471,2.399,0.037,-5.6282,1.4959,72.75,Undefined
2,1,0,2,4,3,Left,Fastball,BallCalled,86.78,2035.87,6.11,5.92,-2.243,-0.1941,3.7549,20.8647,-13.0287,4.327,0.148,-3.5093,1.4146,NA,Undefined
1,2,2,0,3,3,Right,Fastball,StrikeCalled,88.76,2206.34,6.055,5.872,-2.173,-2.8535,4.0544,21.3912,-13.9517,2.018,0.424,-5.6647,1.5515,NA,Undefined
4,0,1,1,1,3,Right,ChangeUp,StrikeSwinging,80.45,1437.73,6.264,5.962,-2.097,-1.832,3.9987,12.0463,-12.2819,1.734,0.573,-7.5003,1.7841,NA,Undefined
4,2,0,1,5,2,Right,Fastball,FoulBallNotFieldable,87.72,2213.41,5.918,5.903,-2.269,-2.7992,3.4237,21.2758,-15.4937,2.016,-0.379,-5.765,0.6475,69.92,Undefined
1,2,2,1,3,4,Right,Fastball,StrikeCalled,87.8,2102.87,6.059,5.917,-2.101,-3.0375,4.1671,15.8971,-17.1373,1.346,0.335,-7.0296,1.09,NA,Undefined
2,1,1,2,4,4,Left,Curveball,StrikeSwinging,76.69,1748.85,5.708,6.037,-2.482,0.7769,2.1598,-12.5572,7.4719,1.617,0.153,-10.5094,3.499,NA,Undefined
4,0,1,2,1,4,Right,ChangeUp,FoulBallNotFieldable,82.17,1745.22,6.308,5.937,-2.108,-2.233,2.7615,11.1762,-11.8623,1.401,-0.551,-7.7871,0.6158,NA,Undefined
1,2,2,2,3,5,Right,Fastball,StrikeCalled,89.32,2270.34,6.013,6.076,-1.717,-3.113,3.8719,23.1064,-13.4554,2.146,0.754,-5.5644,1.4595,NA,Undefined
3,2,0,0,5,1,Right,Curveball,BallCalled,77.28,1615.43,5.787,6.032,-2.143,2.3674,3.3321,-13.906,8.1217,3.122,1.637,-8.8359,4.7837,NA,Undefined
4,2,0,2,5,3,Right,Curveball,StrikeSwinging,77.56,1903.32,5.754,5.964,-2.297,-0.2342,2.1614,-13.9375,9.2799,0.631,0.489,-11.3914,3.828,NA,Undefined
4,0,1,2,1,5,Right,Fastball,BallCalled,87.94,2084.44,5.885,5.984,-2.1,-0.2319,2.8684,20.669,-13.0914,4.429,-0.525,-3.3496,0.5233,NA,Undefined
2,2,0,0,5,1,Right,Fastball,FoulBallNotFieldable,88.49,2120.56,6.056,5.878,-2.429,-2.9245,4.0735,21.8252,-11.5712,1.95,0.384,-5.7675,1.9981,68.79,Undefined
3,2,1,0,5,2,Right,Fastball,FoulBallNotFieldable,85.6,2015.02,6.029,5.842,-2.281,-1.9489,4.1893,18.3582,-14.7212,2.363,0.379,-5.7613,1.5495,92.39,Undefined
4,0,2,2,1,6,Right,ChangeUp,BallCalled,81.47,1541.53,6.28,5.88,-2.083,-0.9815,1.7443,13.9114,-12.7716,2.656,-1.539,-6.2324,-0.5653,NA,Undefined
2,2,0,1,5,2,Right,Fastball,StrikeSwinging,87.8,1914.85,6.003,5.951,-2.213,-1.7282,3.6997,18.2771,-10.6198,2.855,0.334,-5.1285,1.7953,NA,Undefined
4,0,3,2,1,7,Right,Fastball,StrikeCalled,87.48,2057.75,6.188,5.885,-2.011,-1.6804,4.2642,18.9553,-10.1689,2.872,1.086,-5.0321,2.4367,NA,Undefined
2,2,0,2,5,3,Right,Fastball,StrikeCalled,86.83,2074.84,5.775,6.116,-1.988,-3.016,3.5684,20.4275,-10.0399,1.854,0.5,-6.332,1.7752,NA,Undefined
3,2,1,1,5,3,Right,Curveball,StrikeSwinging,77.81,1697.92,5.856,5.783,-2.532,-0.6672,3.6686,-10.4096,10.4268,0.345,1.751,-11.199,5.5382,NA,Undefined
4,1,0,0,2,1,Right,Fastball,StrikeSwinging,87.27,2052.8,6.028,5.903,-2.112,-0.8289,3.7275,19.9286,-13.2728,3.693,0.239,-4.1749,1.3464,NA,Undefined
2,0,0,0,1,1,Right,Fastball,BallCalled,87.27,2060.38,6.112,5.959,-2.104,-1.2936,4.5548,20.6986,-14.3842,3.41,0.918,-4.4273,1.9745,NA,Undefined
4,1,0,1,2,2,Right,Curveball,StrikeCalled,76.16,1786.66,5.606,5.921,-2.179,2.3794,1.0619,-15.0074,10.938,2.724,-0.276,-9.5139,3.0177,NA,Undefined
2,0,1,0,1,2,Right,Fastball,StrikeCalled,87.16,1989.55,5.929,5.988,-2.325,-2.1605,3.8171,17.7997,-15.9162,2.372,-0.104,-5.8222,0.9657,NA,Undefined
3,2,1,2,5,4,Right,Curveball,FoulBallNotFieldable,77.2,1725.7,5.779,5.834,-2.447,1.6219,2.1803,-14.3296,8.9569,2.161,0.33,-9.7459,3.7859,68.3,Undefined
4,1,0,2,2,3,Right,Fastball,BallCalled,88.09,2022.9,6,6.05,-2.443,-0.7493,2.6099,20.6727,-5.5265,4.056,-0.483,-3.7673,1.6178,NA,Undefined
2,0,1,1,1,3,Right,Curveball,InPlay,75.2,1861.69,5.693,5.71,-2.168,2.1409,1.2455,-14.7907,16.6492,2.287,0.38,-9.7091,4.2268,69.95,GroundBall
3,0,0,0,1,1,Right,Fastball,BallCalled,85.1,1734.11,6.256,5.999,-2.135,0.6529,3.4131,20.3834,-9.6946,5.12,0.208,-2.772,1.6664,NA,Undefined
4,1,1,2,2,4,Right,Curveball,BallCalled,76.83,1737.94,5.716,5.78,-2.098,-0.1236,2.2643,-13.6018,9.1749,0.49,0.777,-11.4098,3.9104,NA,Undefined
3,0,1,0,1,2,Right,Fastball,BallCalled,86.11,2018.31,6.075,5.948,-1.971,-3.5218,5.2223,20.5026,-13.2421,1.243,1.771,-6.7805,2.8522,NA,Undefined
8,2,0,1,3,2,Left,Slider,StrikeCalled,78.35,1712.4,5.577,5.859,-2.157,2.0657,2.5101,-13.1503,7.8986,2.741,0.847,-9.0149,3.919,NA,Undefined
8,2,0,2,3,3,Left,Fastball,FoulBallNotFieldable,89.17,2141.43,6.01,5.886,-2.089,-1.379,2.3031,15.0966,-14.0609,2.887,-1.126,-5.3156,-0.225,NA,Undefined
7,0,1,0,2,2,Right,Fastball,InPlay,88.62,2140,6.015,5.938,-2.2,-3.4025,4.3173,19.7455,-10.6597,1.441,0.919,-6.4542,2.4076,98.35,FlyBall
8,2,0,2,3,4,Left,Slider,BallCalled,77.78,1777.95,5.58,5.983,-2.002,0.4163,3.5104,-17.3769,10.4625,0.951,2.152,-11.3542,5.3778,NA,Undefined
7,1,0,0,3,1,Right,Fastball,BallCalled,87.04,2113.22,6.045,5.875,-2.22,-3.5606,4.1852,20.0753,-13.6307,1.153,0.525,-6.7964,1.7403,NA,Undefined
8,2,1,2,3,5,Left,Fastball,StrikeSwinging,87.66,2025.4,6.099,5.86,-2.301,-0.5231,2.5551,21.1336,-9.4113,4.099,-0.72,-3.5033,0.8619,NA,Undefined
7,1,1,0,3,2,Right,Fastball,BallCalled,87.48,2082.16,5.958,5.92,-2.291,-4.0002,3.1849,20.9601,-13.9546,0.864,-0.497,-7.0716,0.6815,NA,Undefined
7,1,2,0,3,3,Right,Fastball,StrikeCalled,88.75,2121.35,6.07,5.872,-2.265,-3.2489,3.9732,19.6802,-12.6995,1.52,0.36,-6.3258,1.6936,NA,Undefined
9,0,0,0,1,1,Left,FourSeamFastBall,InPlay,86.19,2014.86,6.319,5.725,-2.408,-2.1977,4.8751,16.1443,-13.0339,1.915,1.007,-6.2519,2.5288,95.65,LineDrive
7,1,2,1,3,4,Right,Fastball,InPlay,89.03,2103.68,5.983,6.002,-1.958,-2.7818,3.3039,18.3935,-8.6233,1.999,0.389,-6.024,1.757,NA,GroundBall
9,1,0,0,2,1,Left,Fastball,StrikeCalled,87.16,2054,5.946,5.88,-2.087,-2.6369,4.0505,18.6654,-14.2845,1.883,0.486,-6.1643,1.4922,NA,Undefined
9,1,0,1,2,2,Left,Slider,BallCalled,78.23,1650.35,5.464,5.876,-2.362,-1.0574,2.6515,0.9187,-0.668,0.982,0.066,-9.6418,2.5325,NA,Undefined
6,2,1,0,3,2,Right,Fastball,BallCalled,84.1,1482.62,6.148,5.798,-2.412,0.4843,2.6892,12.368,-9.2082,4.026,-0.692,-4.5189,1.031,NA,Undefined
6,2,2,0,3,3,Right,Fastball,StrikeCalled,89.7,2121.75,5.998,5.895,-2.087,-3.4362,3.5507,19.5053,-11.5452,1.438,0.245,-6.3238,1.4797,NA,Undefined
9,1,1,1,2,3,Left,Slider,BallCalled,78.36,1672.27,5.582,5.652,-2.464,-1.269,4.4674,2.6474,1.4618,0.721,1.839,-9.5067,4.7273,NA,Undefined
6,2,2,1,3,4,Right,ChangeUp,FoulBallNotFieldable,84.03,1523.99,6.256,5.833,-2.067,-1.5847,1.7103,11.4828,-9.2784,2.09,-1.262,-6.7009,0.0328,67.13,Undefined
9,1,2,1,2,4,Left,Fastball,FoulBallNotFieldable,86.86,2127.86,6.168,5.898,-2.277,-1.167,3.1712,22.3384,-10.178,3.579,-0.193,-4.078,1.3392,74.44,Undefined
6,2,2,2,3,5,Right,Fastball,FoulBallNotFieldable,90.77,2136.76,5.607,5.998,-2.043,-2.5521,2.3228,19.5669,-10.964,2.36,-0.787,-5.4254,0.3672,NA,Undefined
8,0,0,0,1,1,Left,Fastball,StrikeCalled,88.28,2196.92,5.976,6.103,-2.067,-2.4634,4.5661,21.4197,-15.6308,2.546,0.873,-5.4207,1.7689,NA,Undefined
7,0,0,0,1,1,Right,Fastball,BallCalled,88.95,1774.89,5.975,6.082,-2.187,-1.188,3.3369,16.0919,-11.3962,3.381,-0.04,-4.8151,1.2928,NA,Undefined
9,1,2,2,2,5,Left,Slider,InPlay,75.52,1379.28,5.869,5.875,-2.193,2.3712,0.9606,-8.1093,13.0206,3.274,-0.215,-8.2224,3.2976,90.22,FlyBall
8,0,0,1,1,2,Left,Fastball,FoulBallNotFieldable,89.11,2171.39,5.774,5.992,-2.343,-2.8699,2.9111,20.5137,-14.5945,2.026,-0.847,-5.8539,0.3011,NA,Undefined
6,2,2,2,3,6,Right,Slider,BallCalled,76.57,1824.27,5.406,5.727,-2.396,2.9866,1.0292,-12.7189,13.1038,3.347,-0.339,-8.3412,3.3604,NA,Undefined
7,0,1,0,1,2,Right,Fastball,BallCalled,88.17,1843.66,6.071,6.074,-2.021,0.7386,3.9448,15.1798,-12.8271,5.05,0.566,-3.1418,1.6433,NA,Undefined
6,0,0,0,2,1,Left,Fastball,StrikeCalled,90.59,2029.53,5.747,5.74,-2.572,-1.2291,4.2163,17.8791,-13.1986,3.23,0.261,-4.3285,1.8632,NA,Undefined
6,2,3,2,3,7,Right,Fastball,InPlay,88.95,2050.4,5.91,5.828,-1.983,-1.8827,2.03,15.6326,-12.8937,2.392,-1.173,-5.728,-0.2845,83.39,GroundBall
7,0,2,0,1,3,Right,Fastball,StrikeCalled,88.89,1937.91,5.905,5.912,-2.352,-1.5021,3.1895,18.1244,-15.3195,3.086,-0.665,-4.7577,0.4443,NA,Undefined
9,2,0,0,3,1,Right,Fastball,FoulBallNotFieldable,86.7,2136.51,6.272,5.84,-2.077,-1.5437,4.2108,13.2493,-14.6869,2.433,0.588,-6.033,1.5643,NA,Undefined
6,0,0,1,2,2,Left,Curveball,BallCalled,77.36,1416.67,5.797,5.798,-2.502,0.8888,3.9009,-11.2964,10.0811,1.747,1.972,-9.7607,5.7024,NA,Undefined
8,0,0,2,1,3,Left,Slider,InPlay,76.57,1342.79,5.796,5.73,-2.269,1.5364,1.9406,-13.6291,8.9289,1.995,0.281,-9.7808,3.5424,59.35,GroundBall
7,0,2,1,1,4,Right,Slider,BallCalled,79.78,1549.58,5.614,5.69,-2.388,1.6123,2.609,-1.0846,2.1668,3.428,0.23,-6.6537,2.9953,NA,Undefined
